<?xml version="1.0" encoding="windows-1250" ?>
<?xml-stylesheet type="text/xsl" href="style.xsl" ?>
<content lang="en" id="documentation" subid="capi">
    <h1>C/C++ API</h1>
    <p>
        NLog supports a C/C++ logging API that can be used in scenarios that require the use 
        of C/C++ components in .NET projects. Typical case is porting a legacy systen to .NET
        where some parts are rewritten in managed code while some remain unmanaged.
    </p>
    <p>
        This API is available through <code>NLogC.dll</code> which is a mixed-mode (managed/unmanaged) 
        assembly. It provides the following set exported functions:
    </p>

    <code lang="C#" src="examples/web/NLogC.cpp" />

    <p>
        For your convenience, the following defines which use a <code>TCHAR</code> data type are available:
    </p>
    
    <code lang="C#" src="examples/web/NLogCdef.cpp" />

    <p>
        Here's the short summary of what these functions do (modulo their ANSI/UNICODE variants):
    </p>

    <ul>
        <li><code>NLog_ConfigureFromFile(filename)</code></li>
        <p>
            Configures NLog from the specified config file. You should call this function at the beginning of your
            program if you want to specify your own config file. If you don't do this, NLog will attempt to find
            the config file the first time you use any of the logging functions using the logic described <link href="config">here</link>.
        </p>
        <li><code>NLog_Log(level,logger,logMessage,...)</code></li>
        <p>
            Writes the specified <code>logMessage</code> at the specified <code>level</code> to the specified <code>logger</code>.
            <code>level</code> is a NLogLevel enumeration value an can be one of the following constants:
            <code>logMessage</code> is a message to be written. It may include <code>printf()</code>-style parameters.
        </p>
        <ul>
            <li>NLOG_DEBUG</li>
            <li>NLOG_INFO</li>
            <li>NLOG_WARN</li>
            <li>NLOG_ERROR</li>
            <li>NLOG_FATAL</li>
        </ul>
        <p/>
        <li><code>NLog_LogV(level,logger,logMessage,parameters)</code></li>
        <p>
            Same as <code>NLog_Log()</code> but lets you pass message parameters as <code>va_list</code> (useful for wrapping 
            in your own logging layer).
        </p>
        <li><code>NLog_Debug(logger,logMessage,...)</code></li>
        <p>
            Equivalent to calling <code>NLog_Log(NLOG_DEBUG,logger,logMessage,...)</code>
        </p>
        <li><code>NLog_Info(logger,logMessage,...)</code></li>
        <p>
            Equivalent to calling <code>NLog_Log(NLOG_INFO,logger,logMessage,...)</code>
        </p>
        <li><code>NLog_Warn(logger,logMessage,...)</code></li>
        <p>
            Equivalent to calling <code>NLog_Log(NLOG_WARN,logger,logMessage,...)</code>
        </p>
        <li><code>NLog_Error(logger,logMessage,...)</code></li>
        <p>
            Equivalent to calling <code>NLog_Log(NLOG_ERROR,logger,logMessage,...)</code>
        </p>
        <li><code>NLog_Fatal(logger,logMessage,...)</code></li>
        <p>
            Equivalent to calling <code>NLog_Log(NLOG_FATAL,logger,logMessage,...)</code>
        </p>
    </ul>
    <p>
        The C/C++ API as-is is meant primarily to be wrapped by your own high-level logging API (every programmer has one, hasn't he?).
        An example of such an API implemented as C++ class is provided in <code>src/NLogC/NLogger.h</code>.
    </p>
    <last-changed-date>$LastChangedDate: 2006-07-10 11:32:55 +0200 (Pn, 10 lip 2006) $</last-changed-date>
</content>

