<?xml version="1.0" encoding="windows-1250" ?>
<?xml-stylesheet type="text/xsl" href="style.xsl" ?>
<content lang="en" id="documentation">
    <h1>Documentation</h1>

    <ul>
        <li><link href="tutorial">Tutorial</link> - <i>"Introduction to NLog"</i></li>
        <li><link href="wprowadzenie">Tutorial in Polish</link> - <i>"Wprowadzenie do �ledzenia aplikacji przy pomocy NLoga"</i></li>
        <li><link href="config">Configuration File</link> - how to configure logging</li>
        <li><link href="visualstudio">Visual Studio Support</link> - snippets, Intellisense(TM) and more</li>
        <li><link href="performance">Performance</link> - how fast is NLog?</li>
        <li><link href="releasenotes">Release Notes</link></li>
    </ul>
    <h3>Reference</h3>
    <ul>
        <li><link href="netapi">.NET API</link> - native API</li>
        <li><link href="capi">C/C++ API</link> - a wrapper API to be used in legacy COM applications</li>
        <li><link href="comapi">COM API</link> - a wrapper API to be used in legacy C/C++ applications</li>
    </ul>
    <ul>
        <li><link href="targets">Targets</link> - this is where trace output goes</li>
        <li><link href="layouts">Layouts</link> - output formats (plain text, XML, CSV)</li>
        <li><link href="layoutrenderers">Layout Renderers</link> - specify things that should be included in output (date, time, class, method, ...)</li>
        <li><link href="filters">Filters</link> - eliminate messages</li>
        <li><link href="conditions">Conditions</link> - simple predicate language to filter messages</li>
    </ul>
    <h3>How to...</h3>
    <ul>
        <li><link href="howto_write_target">How to write your own Target</link></li>
        <li><link href="howto_write_layout_renderer">How to write your own Layout Renderer</link></li>
        <li><link href="howto_write_filter">How to write your own Filter</link></li>
        <li><link href="howto_write_condition_function">How to write your own Condition Function</link></li>
        <li><link href="howto_optimize_performance">How to optimize logging performance</link></li>
        <li><link href="howto_troubleshoot">How to troubleshoot your logging problems</link></li>
    </ul>
    <last-changed-date>$LastChangedDate: 2006-09-15 22:00:07 +0200 (Pt, 15 wrz 2006) $</last-changed-date>
</content>
