<?xml version="1.0" encoding="windows-1250" ?>
<?xml-stylesheet type="text/xsl" href="style.xsl" ?>
<content lang="en" id="download">
    <h1>Downloading NLog</h1>
    <p>
        NLog is an open source software, so the source code is available to public and everyone 
        can join the project to improve it. Source and binary packages are available.
    </p>
    <ul>
        <li><a href="http://sourceforge.net/project/showfiles.php?group_id=116456">Download official packages from SourceForge.net</a></li>
        <li><a href="http://www.nlog-project.org/snapshots/">Development snapshots</a> (updated more frequently, primarily meant for testing, usually as stable as the released packages)</li>
        <li><a nomangle="1" href="http://svn.nlog-project.org/repos/nlog/trunk/NLog">Subversion repository</a> - to get the most up-to-date source code and build it yourself</li>
    </ul>

    <p>
        Subversion is available to everybody in read-only mode. Write access is available <link href="mailinglists">on request</link>. 
        Source code snapshots (in ZIP format) are automatically generated on each commit and are available <a href="http://svn.nlog-project.org/snapshots/">here</a>. 
    </p>    

    <p>
        NLog can be built with either Visual Studio.NET 2003, Visual Studio 2005 or <a href="http://nant.sourceforge.net/">NAnt 0.85</a>.
        To build NLog using NAnt, just type <code>nant</code> at the command prompt. 
        To rebuild NLog using VS.NET, open the solution file that matches the Visual Studio 
        version you use (<code>NLog.vs2003.sln</code> or <code>NLog.vs2005.sln</code>) 
        and run <code>Build|Rebuild Solution</code>.
    </p>
    <last-changed-date>$LastChangedDate: 2006-09-15 22:00:07 +0200 (Pt, 15 wrz 2006) $</last-changed-date>
</content>
