<?xml version="1.0" encoding="windows-1250" ?>
<?xml-stylesheet type="text/xsl" href="style.xsl" ?>
<content lang="en" id="helpindex">
    <h3>What is NLog?</h3>
    <p>
        NLog is a .NET logging library similar in concepts to <a href="http://logging.apache.org/log4net/">log4net</a>, 
        designed with simplicity and flexibility in mind.
    </p>

    <h3>Features</h3>
    <ul>
        <li>.NET, .NET Compact Framework and Mono 1.0 support</li>
        <li>very easy to configure, both with a config file and programmatically</li>
        <li>easy to use - interface is identical to <code>Console.WriteLine</code> - there's no need to use <code>String.Format</code> any more</li>
        <li>supports <link href="netapi">.NET</link>, <link href="capi">C/C++</link> and <link href="comapi">COM</link> interop API</li>
    </ul>
    <p>
        NLog is open source, licensed 
        under the terms of <a href="http://www.opensource.org/licenses/bsd-license.php">BSD license</a>, 
        which permits commercial use. Everyone is encouraged to test it and report feedback to the mailing list.
    </p>
    <p>
        The logging API is modelled after log4net with some extensions that help it achieve great speed as described <link href="netapi">here</link>.
    </p>
    <last-changed-date>$LastChangedDate: 2006-07-10 11:32:55 +0200 (Pn, 10 lip 2006) $</last-changed-date>
</content>
