<?xml version="1.0" encoding="windows-1250" ?>
<?xml-stylesheet type="text/xsl" href="style.xsl" ?>
<content lang="en" id="documentation" subid="howto">
    <h1>How To...</h1>
    <ol>
        <li><link href="howto_write_target">How to write your own log Target</link></li>
        <li><link href="howto_write_layout_renderer">How to write your own Layout Renderer</link></li>
        <li><link href="howto_write_filter">How to write your own Filter</link></li>
        <li><link href="howto_write_condition_function">How to write your own Condition Function</link></li>
        <li><link href="howto_optimize_performance">How to optimize logging performance</link></li>
        <li><link href="howto_troubleshoot">How to troubleshoot your logging problems</link></li>
    </ol>
    <last-changed-date>$LastChangedDate: 2006-07-10 11:32:55 +0200 (Pn, 10 lip 2006) $</last-changed-date>
</content>
