<?xml version="1.0" encoding="windows-1250" ?>
<?xml-stylesheet type="text/xsl" href="style.xsl" ?>
<content lang="en" id="links">
    <h1>Links</h1>
    <ol>
        <li><a href="http://logging.apache.org/log4net/">log4net</a> library.</li>
        <li>My <a href="http://blog.jkowalski.net/">blog</a> where I'm writing about NLog and <a href="http://www.sooda.org/">Sooda</a>.</li>
    </ol>
    <last-changed-date>$LastChangedDate: 2006-07-10 11:32:55 +0200 (Pn, 10 lip 2006) $</last-changed-date>
</content>

