﻿<results>
  <test logger="Non-logging" repetitions="1000000">
    <timing name="No formatting" totalTime="00:00:00.0370000" repetitions="1000000" logsPerSecond="27119614.2161208" nanosecondsPerLog="36.8736808728484" />
    <timing name="1 format parameter" totalTime="00:00:01.1930000" repetitions="1000000" logsPerSecond="838450.561903553" nanosecondsPerLog="1192.67616414935" />
    <timing name="2 format parameters" totalTime="00:00:01.3510000" repetitions="1000000" logsPerSecond="740431.345739548" nanosecondsPerLog="1350.56410800814" />
    <timing name="3 format parameters" totalTime="00:00:01.6520000" repetitions="1000000" logsPerSecond="605286.786837566" nanosecondsPerLog="1652.10941614088" />
    <timing name="No formatting, using a guard" totalTime="00:00:00.0220000" repetitions="1000000" logsPerSecond="45286046.8352669" nanosecondsPerLog="22.0818567722993" />
    <timing name="1 format parameter, using a guard" totalTime="00:00:00.0230000" repetitions="1000000" logsPerSecond="43360568.3621431" nanosecondsPerLog="23.0624283253877" />
    <timing name="2 format parameters, using a guard" totalTime="00:00:00.0210000" repetitions="1000000" logsPerSecond="46642061.3720764" nanosecondsPerLog="21.4398757383969" />
    <timing name="3 format parameters, using a guard" totalTime="00:00:00.0230000" repetitions="1000000" logsPerSecond="44109140.8714511" nanosecondsPerLog="22.6710377994969" />
  </test>
  <test logger="Null-appender without layout" repetitions="1000000">
    <timing name="No formatting" totalTime="00:00:00.0280000" repetitions="1000000" logsPerSecond="36291187.6229292" nanosecondsPerLog="27.55489873713" />
    <timing name="1 format parameter" totalTime="00:00:01.1950000" repetitions="1000000" logsPerSecond="836693.779302614" nanosecondsPerLog="1195.18039303878" />
    <timing name="2 format parameters" totalTime="00:00:01.3570000" repetitions="1000000" logsPerSecond="736947.677063891" nanosecondsPerLog="1356.94843897758" />
    <timing name="3 format parameters" totalTime="00:00:01.7800000" repetitions="1000000" logsPerSecond="561699.819276002" nanosecondsPerLog="1780.31034670608" />
    <timing name="No formatting, using a guard" totalTime="00:00:00.0220000" repetitions="1000000" logsPerSecond="45353178.9270963" nanosecondsPerLog="22.049171053863" />
    <timing name="1 format parameter, using a guard" totalTime="00:00:00.0230000" repetitions="1000000" logsPerSecond="44092840.7775123" nanosecondsPerLog="22.6794187529421" />
    <timing name="2 format parameters, using a guard" totalTime="00:00:00.0210000" repetitions="1000000" logsPerSecond="46575910.1673303" nanosecondsPerLog="21.4703265359145" />
    <timing name="3 format parameters, using a guard" totalTime="00:00:00.0230000" repetitions="1000000" logsPerSecond="43997455.6896679" nanosecondsPerLog="22.7285870131539" />
  </test>
  <test logger="Null-appender with layout rendering" repetitions="1000000">
    <timing name="No formatting" totalTime="00:00:00.0280000" repetitions="1000000" logsPerSecond="36236814.3993845" nanosecondsPerLog="27.5962447741263" />
    <timing name="1 format parameter" totalTime="00:00:01.2330000" repetitions="1000000" logsPerSecond="810757.767559723" nanosecondsPerLog="1233.41402329067" />
    <timing name="2 format parameters" totalTime="00:00:01.3470000" repetitions="1000000" logsPerSecond="742320.465224502" nanosecondsPerLog="1347.12707900026" />
    <timing name="3 format parameters" totalTime="00:00:01.7780000" repetitions="1000000" logsPerSecond="562276.239018512" nanosecondsPerLog="1778.48525441083" />
    <timing name="No formatting, using a guard" totalTime="00:00:00.0220000" repetitions="1000000" logsPerSecond="45275163.7955023" nanosecondsPerLog="22.0871647094812" />
    <timing name="1 format parameter, using a guard" totalTime="00:00:00.0230000" repetitions="1000000" logsPerSecond="44092840.7775123" nanosecondsPerLog="22.6794187529421" />
    <timing name="2 format parameters, using a guard" totalTime="00:00:00.0210000" repetitions="1000000" logsPerSecond="46639022.8013029" nanosecondsPerLog="21.4412725639711" />
    <timing name="3 format parameters, using a guard" totalTime="00:00:00.0230000" repetitions="1000000" logsPerSecond="44087410.089664" nanosecondsPerLog="22.6822124040905" />
  </test>
</results>