<?xml version="1.0" encoding="windows-1250" ?>
<?xml-stylesheet type="text/xsl" href="style.xsl" ?>
<content lang="en" id="news">
    <h1>News</h1>
    <table width="100%">
        <tr><td class="newsdate">TBA</td><td class="newstext">
                <p><b style="color: red">NLog 0.95 has been released!</b>. Click <link href="releasenotes">here</link> for the release notes. Source and binary packages can be found <link href="download">here</link>.</p>
             </td>
         </tr>
        <tr><td class="newsdate">2005-06-09</td><td class="newstext">
                <p>NLog 0.9 has been released!. Click <link href="releasenotes">here</link> for the release notes. Source and binary packages can be found <link href="download">here</link>.</p>
             </td>
         </tr>
        <tr><td class="newsdate">2005-03-08</td><td class="newstext">NLog 0.5 beta 1 has been released!. This work is based on 6 months of testing and should be production-ready. Download it <a href="http://sourceforge.net/project/showfiles.php?group_id=116456">here</a>.</td></tr>
    </table>
    <last-changed-date>$LastChangedDate: 2006-07-10 11:32:55 +0200 (Pn, 10 lip 2006) $</last-changed-date>
</content>
